Matching Sources,Similarity (%)
"https://maps.google.com/maps?q=Instead+,+emphasizes+logic+uses+pseudocode+.&um=1&ie=UTF-8&sa=X&ved=0ahUKEwjT8Pi_1qWCAxWSsFYBHbG5BF0Q_AUICSgE",28.091603053435115
"https://maps.google.com/maps?q=When+tackling+core+problems+data+structures+algorithms+(+DSA+)+,+Series+uses+pseudocode+%E2%80%99+tied+particular+programming+language+.&um=1&ie=UTF-8&sa=X&ved=0ahUKEwjo0vXB1qWCAxVKsVYBHajzCcIQ_AUICSgE",28.091603053435115
"https://maps.google.com/maps?q=However+,+find+code+examples+preferred+language+notes+articles+provided+.&um=1&ie=UTF-8&sa=X&ved=0ahUKEwiU9vXC1qWCAxVfqFYBHfCeAT0Q_AUICSgE",28.091603053435115
"https://maps.google.com/maps?q=Note+:+The+Series+%E2%80%99+focus+specific+programming+language+.+Instead+,+emphasizes+logic+uses+pseudocode+.+The+first+two+basic+videos+might+use+C+++,+Java+tutorials+,+watch+YouTube+videos+.+When+tackling+core+problems+data+structures+algorithms+(+DSA+)+,+Series+uses+pseudocode+%E2%80%99+tied+particular+programming+language+.+However+,+find+code+examples+preferred+language+notes+articles+provided+.&um=1&ie=UTF-8&sa=X&ved=0ahUKEwiwnfq91qWCAxU3p1YBHa-sD2IQ_AUICSgE",28.091603053435115
https://maps.google.com/maps?q=Note+:+The+Series+%E2%80%99+focus+specific+programming+language+.&um=1&ie=UTF-8&sa=X&ved=0ahUKEwix-_2-1qWCAxVxslYBHaGgBpMQ_AUICSgE,28.091603053435115
"https://maps.google.com/maps?q=The+first+two+basic+videos+might+use+C+++,+Java+tutorials+,+watch+YouTube+videos+.&um=1&ie=UTF-8&sa=X&ved=0ahUKEwiTo-zA1qWCAxXqp1YBHf7aBSwQ_AUICSgE",28.091603053435115
https://www.google.com/preferences?hl=en-IN&fg=1&sa=X&ved=0ahUKEwiwnfq91qWCAxU3p1YBHa-sD2IQ5fUCCIcB,0.9852216748768473
https://policies.google.com/privacy?hl=en-IN&fg=1,0.24423337856173677
https://policies.google.com/terms?hl=en-IN&fg=1,0.2294256956779159
